y,x1,x2
0.7796321241512416,-1.0305353953887557,0.6599227620123358
6.964529819898542,0.736851302642503,1.4653402569619296
0.9828906135948234,0.08420769402218582,-1.2798189754188167
5.202495874326155,1.4801038473542703,0.7031238361498271
6.559205090024068,1.9472681037465247,0.8132711182461189
1.6871556750899952,-0.7634921271766626,-1.4536863546723489
4.0825225784913854,0.8247463696319993,-1.5932019297646243
7.341025846725124,2.2807873808485497,0.7867035173367347
3.6201663694082535,0.8427582521590747,-0.5207445359659992
2.3849988535618856,-0.5793512845598984,-1.479461200641677
2.4533941994939537,1.0502381881487843,-3.236798456840923
5.29917139284933,-1.2455960127135253,1.3947661836673555
2.136981619461416,-1.2171239173634392,-0.9287185273951231
2.1548068247984555,1.8678744389617474,-0.1564489061898355
0.5959791013646729,0.38009164199270834,-1.1086247040227817
2.2158782653203475,-1.5452862721976155,-0.672942374463984
0.15109004649979108,0.7473887950574963,-0.5444654352926972
2.525085356316155,0.9939408214281017,0.44207831246650514
1.1828855288312758,1.7273162238788646,-0.45039411778703864
4.110473649647489,-1.1770909312217086,0.7860828209342873
4.428119901146825,-0.7268281561787795,-0.7544982776744468
-0.5081141284109338,-0.5584484613267805,-1.4000587300116247
1.617693387389655,0.22588328809675653,-0.5585495613124145
1.469549400424401,-1.7572066910886779,0.32261755033865014
2.430532380031401,-0.17409925793486186,-0.27949990768978006
7.11592006816643,0.2610178992503843,1.3857849986698298
2.091361468218372,0.41250044679950376,0.031733062127134094
5.730435618767226,1.1471016845319475,0.49832368696186324
3.366745504978333,-1.3903208505416718,0.5966292390634026
1.6882060372930152,-0.24003381765592038,-0.5252900120254861
5.174096069428611,-0.5213015098665035,0.5506895951686527
7.590649652776688,-0.8553789833805013,2.823043036759185
0.5826069051647838,-2.06857062229564,-0.8485999048735857
4.6701121174514695,-1.0548472111134455,0.28229280923210187
0.9260216012865519,-0.42650769952903284,0.1828666798539841
1.6874125989200186,0.12263265160103118,-0.7920400118839033
-0.3085722462782572,0.9742237296276585,-2.538915786563778
2.5792320200250787,-0.8287770274090804,-0.1595024456369267
2.8602343187311985,-0.2532603109093711,1.7765075664964611
4.1685503266935235,-0.4134944608413555,0.753356318202271
7.8974015844183185,0.44923027455422637,1.0678078704629101
5.8227010213956705,0.5072579397181386,1.6065251437055597
3.626731724502128,0.2675394134165206,0.9806933224827659
1.7980502144154866,0.29643032711958556,-0.6968518419287213
3.6143320167647985,1.1359026032128274,-0.42159311648173126
4.093256962157376,-2.3472014889071953,2.524390709077489
0.3084507617208664,0.6393088149074452,-2.472613169686021
4.363134561128218,0.6726533048000574,0.11444304381268156
0.2546578204189762,-0.7908952419909053,0.29705818673678175
1.0215385930007188,0.1399442548857568,0.9075177419191033
2.100283951446509,1.094595863048356,-0.882349208461921
3.382657314945825,2.4102453949394445,0.05636974479448032
2.9046862925193393,-1.037570555838998,1.9814905772519167
2.829879921012733,-0.31484889488783324,0.43447332850141407
13.533065656808251,0.8679679446497516,2.773025450463642
2.7798681414834423,0.09457207672676646,-0.5794232677256032
6.95750334377395,0.519178333567638,0.8979102985084331
-0.18092755663666926,0.8161554541081537,-2.6041859055473817
7.24079075113382,-0.8801451259953237,1.0796319397084342
1.074988836033933,-0.7780033261076241,-0.9212254290111561
5.016881554484879,-0.04237140769667861,-1.81119691928804
-0.04419666859071558,0.9554607323592197,0.448109834658115
3.845379898188292,-0.4852121512677462,1.0543517265802531
-1.100972963863855,-1.2044876071959967,0.3382235336227647
0.2581942388886209,-1.2543460231046557,-1.3375473154786228
6.1741461502860275,1.7013741685352608,0.3080001406318364
6.203071850662832,0.7244760170450513,1.3976329242246435
4.281875269272815,-0.009983556186608572,1.0324656799525085
0.6734940629976993,-0.6219033798335916,-3.1936031057612064
1.5106093735770845,-0.5648049426255262,-0.8983754004581446
1.3085805587757242,-2.2394809033681153,-0.8362969442578679
1.3905627790680373,-2.4214148415086507,1.0335470278084662
1.704983773252116,-0.5411840435110145,-2.7167145175914382
3.986248629466295,0.42962123724386647,0.8865922790550189
1.1936015980828802,-0.6826081414285102,0.3010782618297523
2.643463186327957,1.3004405259616332,-0.23674248360836597
5.197472049213682,-0.09807738025870756,0.5289767554209396
1.8980367480453597,-0.07232851124168352,0.586910784776726
4.886475922344893,0.15535544954753372,1.427528175328571
2.295707333962903,0.4345950993492242,-0.9794782635427605
3.2124417934567426,0.3043573647133518,0.8143591476484129
2.9619599011580893,-1.5041174674745657,-1.4386359978691332
1.1919084784811222,-0.05277534963668191,-0.5117197658645833
-0.9145446750107633,-0.6505612455421496,-1.4322414695114525
3.3972428744449017,0.4101711220853358,-0.23512080953917555
2.026296373912142,-0.38509269330186335,-0.726128093674345
1.3535784274619784,-1.0062866931420362,-0.9096523496595932
-0.7914982024705441,-1.063405658135456,-1.9410875249201036
2.201958628418269,-3.1579827976786827,-1.3326491750828398
3.568145199065664,0.25723864358469695,1.269419728626042
3.899139431581532,0.9208579725174161,-0.13699641455098466
2.929450018486293,-0.38365126621358103,-0.8267012921464164
3.132116101800822,1.742296156585928,0.25878055614832685
1.168168524508748,-0.9297787242290625,-0.27522548303951244
6.977764968466135,0.5143019295708272,1.1297035001795581
1.4603245366853455,-2.594841993709654,-0.7491186205930852
2.29281526055839,-0.7206413390407274,0.7741851279927445
3.857788660645876,0.34037471319858476,-0.06050992778554574
3.810082585056133,-1.2260405690445229,1.5361389128138654
3.08858594082364,-0.8818538160221696,1.432279522007127
2.547815970591971,0.1880495577966294,-0.5663643589256556
3.3527617629029685,-0.7769281671187256,-0.5038718940278158
2.304708237185173,-0.9037663365012625,-0.7756348646528879
1.6709159485406486,-0.9138071182040728,-0.6953182690696843
4.136690689238064,1.3252865881550944,0.6458121873546767
4.044167599119686,0.5993517785118694,0.18491544473526758
5.052370812952302,0.7256262283065243,-0.13021711927733334
3.7928819013715906,1.1432045427888773,-0.5406620581876215
11.333293657011641,1.7027786514869923,1.8717733008725526
8.106692546969496,1.382195721015788,1.6915845839910173
4.170405021046431,1.4736909970676844,-0.7851307964925804
4.015656680347785,-0.7560334417646244,-0.028771357654480075
1.2709084680586233,-0.7191435310365568,-0.48525400283610715
4.425416855984287,0.46229210229335754,0.17245695871413877
2.54529595539956,0.3444220487652628,-0.28601925671450135
1.3075141089601836,-0.7318057871890908,0.3394845583849036
2.653196012868581,0.9036334475637474,-1.8202594629496291
0.009667180221034632,-0.422013799458907,-1.1250479191338958
2.5879244740460177,0.9411270967427207,0.7952156709887472
-0.47371260614907995,0.5388722500821922,-1.8061581631596155
6.785226810904163,0.9475777118883439,0.28778324965582913
1.023515177375244,-0.912668563328692,0.07332445235221632
1.9992919112021263,1.2539639866224235,-0.01773228459280723
2.592377001490703,0.19628844827010364,-0.06842422818991067
1.5918345200128492,-1.527922467868751,1.16620952430657
1.9754298957014744,0.5133112304146948,0.44261651475894664
3.4857458077516443,0.6839840624857165,0.2555211388472664
5.223181840226133,-0.6058470425415197,0.279613467041641
4.320957426024181,-0.7159021821067851,1.5000852807714313
3.2767210738245867,0.7122284060603883,-0.5438375282940704
0.1372688419733883,-0.9045279535617494,-0.3852278490204916
3.7938902734922415,1.1175062362485293,-0.8194336340158735
0.8690203534902186,-1.3918728162373433,-1.146392932203618
3.2667963951046635,-0.9724487401475881,1.2469179483062132
3.012163540962659,0.27152200294223977,-0.8333437705676805
2.2845604985925863,1.9488122006655662,-0.7722706416911119
0.9230302995414279,-0.49705458982198164,-1.4502858603834377
-0.28691137673391887,-0.17207310855877186,-1.1275901844146767
3.820561669622599,-0.09814605882289085,0.37358756677539345
2.8029100435665715,1.488184377626388,-0.8422558644424543
3.16710767891949,1.2064235009341098,0.726535357426934
2.4559299479299614,-1.3268524414549367,-0.18157379912476518
2.1564274243370165,-0.6127411862620713,-0.6841349791523462
3.969470878047204,0.5307571232691732,0.9061995959943016
2.727276691490651,0.895375565483831,0.7054895099735305
3.193893051048499,-0.4751406453353401,1.1500180501324155
3.9798971620610537,-1.6725596702031773,1.0844912077984488
1.4099145530894206,1.0412845964266209,-0.2184519319755086
1.72345140228925,-0.2439812360528183,0.11303680923436354
4.425683104456415,0.19343958569473024,1.1426049553961437
2.1455816246752892,-0.4945013873207551,-0.16363778785231256
2.316501072821457,1.0137193167264333,0.5619411259837258
3.950106889795686,0.7777764979195653,-0.40949340088834796
-1.8815678741895379,-0.44839197642728845,-1.2190156596810033
5.821478579195997,-0.4047787801185958,0.5424466301314096
3.711966726386941,0.5175361133833479,-0.2769924078458041
-0.4482574652170641,-1.7971301509705837,0.3301191911343839
5.134418191737524,-1.072549851816406,2.4301769664736326
3.321572779565586,-0.21866262949005533,0.9874344103927302
0.009850732405526141,-1.4677290110936143,0.5331258965216495
4.058337630773238,0.11675606243509937,1.5321247194401517
7.0363089979647535,-0.31901927156376186,1.3370531340343306
4.70632387022429,0.10233812563393169,1.513867970106381
4.815012798554767,0.592818219204685,2.2482837617896045
3.5983379025062803,-2.0519344536135566,0.8247586170278296
2.6282906853573538,0.6700043781946753,-0.23815998892298326
4.895016523268132,1.245055155429392,-0.09228400844542858
3.918369805099475,-0.41212287610916304,0.1823347685094568
3.450093027374198,0.02992783320519628,0.9223745045025338
1.3893365184589879,0.6646112699131215,1.711538106402865
2.7060756345707677,-1.4901933875470064,0.22494873673243262
0.33261866383099803,-1.1854761642164031,-1.015180199649137
1.3652922316734033,-0.05674582192819806,-0.5821686116383795
3.987578380914836,-0.17312529986609712,0.3548339841390431
3.3997332899455204,0.8188029226378825,-1.3587051249021098
3.3896461109439846,-1.6592316285361277,-0.32260009430780834
2.618455947403107,0.845645912775422,-0.12095932750705078
3.268149874401798,0.7397824369957001,-2.0155384992261265
3.633504868859893,0.615839714939307,-0.44006031606405865
5.133886161635451,0.17947023295544914,1.5996377422175496
2.2627896949540975,-0.0922118621322124,-1.8791493492603826
1.8956300288987007,-1.281845661397142,0.7319850379795785
2.116981109267502,-0.1537850506910636,-1.4745181216708654
2.7090331213980305,0.06280886694017315,-0.5924658183743314
3.2770010951865585,0.14876322079756435,-1.3958023442870455
3.7450318120396973,1.8704241040655554,0.7179945453191194
7.305154732756012,0.696189398689421,1.1087461681587878
8.17026114652714,0.2507991856380963,1.8093902937548043
1.2683048370831136,-0.3263719192544147,-1.8991399630317907
7.732821672380324,0.05681634537447609,1.28309845096189
0.09978041565894946,0.6412036366737105,-0.25023112778964496
1.2595825485064345,-0.4813513470097002,-2.310468576443404
2.170590120981627,-0.04242475149520666,0.6533857867655826
2.799353980189025,0.8047881996418419,-0.5253397464492475
4.375781255716945,2.196364912996845,0.24518369126118028
4.036745845762391,-0.6117884500035824,-0.27996002601740877
6.31649273836576,3.0079299384318547,-0.1590625154788122
2.508569870297451,1.702519769816848,-1.1743922134529992
13.347806619323832,0.9121205496461029,2.973424801799628
5.329838270875155,-0.5974259464758986,2.0852796228122203
4.61445595943718,-0.7097317315678178,0.9812336279397633
2.439890167948724,1.421372518946942,-0.4367186658828099
0.8320123485748114,-0.34083269794216325,-1.204678815998523
3.367809439540772,0.4297032314991941,-0.07786122495377082
3.0461283538523665,0.5632739432453304,0.1086359947069968
3.2394440719389697,-0.25634038159478834,0.22497227138695278
3.7940015165053786,-1.0247887873262878,1.1228912264213409
3.0945158215319903,-0.18311907967652621,0.01766187225635117
-1.0073954497382303,-0.8495484928724293,-1.3483544032317778
0.7084348172349013,-0.6207727666061293,-0.2699708921167445
-0.43419195221922013,-0.6248710800288436,-0.5840383396016455
3.230455791239494,-0.10644717223555708,0.9225336890444756
2.430999854199502,-0.4054350995482353,-0.8927073649060407
-0.17186949340627922,-0.01625173145359864,-0.8792912828248294
3.551869140171547,0.7040687333424757,-0.6055562349570505
0.4686418911140555,-1.448799252827993,-0.13556048415792132
3.53907159306281,-1.80093638982878,1.3547940092183495
2.8431216253584823,-0.5620531600656675,1.3502996252892498
5.775358591939278,1.8580023462228088,1.3712185003145556
1.8212976986911245,0.6975630214535803,-0.7537792638119712
0.4348961211933644,0.3659366080655413,-1.4594687966801565
0.2818303629269706,0.1779674466248973,-1.9754731660425666
2.2390420459422464,-0.11671874694074306,-0.0019458461011331878
5.401617812582197,-0.4798358018053462,0.6879473477168603
2.9280592707027213,1.0294649893700298,-0.21761401027983496
2.437675462234627,0.9122854032329479,-0.029204456669712234
1.1347760987864715,-1.0773706461154366,-0.24337991838814835
5.860343051283597,0.8541296939704367,1.3025492370654637
-1.221907766714358,1.0232330022539269,-0.4696068498983479
3.245266753676992,-0.6181869183097124,1.4666411988945496
7.6383309313948695,0.8605735189524236,-0.9289668144158074
2.0041224433185665,-0.874896850269428,1.679637816328508
-1.7357557082963242,0.26229962826469233,-1.2347609612524975
1.1886072546007451,0.04991262514633347,0.027943076900427972
3.724121263949902,1.2272987455492135,-1.2778111095442763
-0.37272764510421186,-0.5897584971797726,-1.2372256080550372
1.3589990127279452,0.8391457428807211,-0.033101000149327965
3.378054252229,0.009910024254473156,-0.5006552688376533
2.2156816457762214,0.6944700099569389,-1.4864961610087148
5.829421067577268,1.4921683845224665,0.6573377226775409
0.010807331615750204,-0.7155809468014666,-0.48684275701649543
4.460744365554587,-0.22045092329868285,1.0471132402606582
2.4376523810684003,1.0993571176341788,-0.724376640451426
1.1624602723409065,-0.7564270705881758,-0.08623443668279322
3.9449485192371045,-1.276767865041588,1.1029216443985597
2.6186002444969017,0.20408506271899743,0.4654582441068451
1.706795083209823,1.448232003875094,-0.42231427896573814
3.593213460489055,-0.025561085051523345,-0.6381558851307065
1.9534154431255848,0.9432871245629125,-0.29420251243475604
0.6536089122726878,0.19746409430694523,0.09179766377201863
7.8932987994611885,0.7441784440438723,0.8737771018876841
7.395416371309501,0.3593453682840854,1.623582832780957
3.477092046976402,-0.26386911449721173,0.5146739115612411
8.022935620569925,0.7983837697149052,2.56772281600748
3.3376437912464363,-0.014066060022537435,0.7915391589632834
1.83792427663338,0.9298804615913544,-0.9801903373171331
6.367763515646907,1.2408521523967322,0.9853956455755881
4.8773887594676175,0.6292373693095896,-0.032298557321932986
1.059433623531392,-0.11739037912201225,-0.1379056343844748
8.265461023225287,0.6711042509575846,2.017094714220616
3.357510872099967,0.457661403647333,-1.2385555296702295
4.390125215888787,0.4121164101525038,0.725447478061615
4.836461623649909,-1.3849567811664814,0.5911394884215223
1.3339308772968144,1.8939210925630545,-2.0405708109419716
1.3151355816448314,1.3170646183325851,-0.6799155440808963
3.1349131365700025,-0.8028184597951354,-0.09486452733238813
4.365393064030429,0.3146550476425431,0.417294974948998
3.37003758291839,-0.8178829755799519,0.4944575927848857
1.7781057691385147,1.4977653710261374,-0.9563462279392427
-0.6396838417374191,-0.2027230276800989,-0.3058491264032786
3.232709143619182,0.24278209153889077,0.9965591601231286
2.1011906137256084,-0.8065143615428001,0.9731840653763641
4.902811097548769,-0.6180759521827469,-0.03002734508460967
7.394190258597839,1.8085301262276858,0.5624814690845527
2.602546594904008,-0.16904290326635374,-0.467516470671755
3.498374651288204,0.7877170657453751,0.7776972305090093
8.504555258928619,0.6131532555597721,1.6266466526976266
1.9273149723804288,0.3140297710901039,-0.3595848981587997
0.3602622534639014,-0.5644745815535214,-2.069159327068475
0.4882122215129554,1.5878379561028881,-1.0259458793468696
-0.5060255178826523,-2.431104901798001,0.37479628085625777
2.3811492503347074,0.9222070863547438,0.7208501475183231
0.8957087923546365,-0.7522826712701779,0.7872081777915662
-0.5173141274306612,-1.3606209670208418,-0.1288260736044323
4.929950581907067,-0.48181622599656054,1.3906271823014427
-1.3211597104270896,-0.6748449452078343,-0.6542114521598503
3.5096574732626604,0.18326876347836818,0.21215200697836456
4.08686281716079,-0.09586058545471049,-0.3320905718694657
0.5337130798304388,-1.2835016509217314,1.07885919046459
1.404102468570802,1.485356974325294,-0.759654219065698
1.734328219309508,-1.2359255926200887,-0.7625097235388799
2.1068180388299242,-0.6398178299273221,-0.18828120372360932
5.856476191394915,-1.1852760431999776,0.6330954355066126
3.0682795027020653,0.7223227176104292,0.34747736253339606
2.27647367832137,-0.8598066278742794,1.2179640687948419
4.938292384214007,0.1585292291812151,0.14265541047508423
0.6386665237415449,0.5387814723929051,-1.9015002070597364
2.133615751405082,0.6999268451288673,0.5925827574361499
6.835187625068677,0.11583420710827384,0.8957625711374033
2.4938709365951413,-0.2711639614185813,-0.02998523480427027
2.669353681050494,1.0317009092722935,0.6686004260724632
3.56041671659334,1.1190896793219072,0.5725452047849786
3.1998800239040706,-1.0733046444923304,0.1907156462825029
4.0103319668087,1.4328627214667864,0.25675622879142684
1.2814322813750598,-0.8317357185514477,-1.072144756187078
1.9364512531303297,1.341238869447172,-1.0769303443445393
0.45660938957476427,-0.39575350504758045,-0.5395010859639315
3.6440162267690406,-1.426065532590248,2.029711597297411
1.3275053307457363,-1.4729619600712835,-0.8005445900654721
2.903524905074744,-0.1738924226553483,0.19133176513482525
1.2183330727951733,0.28611773967112486,-1.1142138805694572
9.94447605641464,-0.19467170913443657,3.191869177955867
3.8046432606416114,-1.0044061889658082,1.342261510668214
4.084473367581543,1.1226401316666348,-0.3741902895953438
1.5107966391409338,1.0061215655212483,-0.01267069049771481
4.653320078406065,0.7069931608432861,0.6943928099954672
7.309661933208217,0.10366951027146296,1.7724587387852504
5.527609061064271,0.431138885990466,0.21107280374467755
2.198154977457029,1.6986004891038957,-0.5518848133761036
2.0311326256301667,2.22515201401083,-0.4144285301786485
2.4085341405282716,-0.7431688347041258,0.5835607447290387
1.3499509274325276,-0.5223081145695679,-1.1111477919674486
1.6658729832466155,-0.110960258632637,0.4968829897307932
2.598402888039307,0.851830086899436,0.06219472187981551
3.073886074360791,1.967868528582339,-0.8681071842766004
3.915807099729519,0.7073246548452187,0.9078873458186404
5.314707455591725,1.5310763318922833,1.1049847401681174
3.8590993378420553,-0.2199159624029492,1.0781597110932157
0.6236132803461882,0.19601545624862124,-1.5309632508772877
-0.7008325134107556,-1.489708417216541,0.2657549021612779
3.1426404282876814,-0.7942966262702147,1.088782785001204
2.12014781133124,0.4984457955346733,0.7437044947067888
5.152019439866308,0.13149189107536252,0.0880401614120875
1.292446866141053,0.5376829816780296,0.8381263503059821
4.468748063522026,0.6943754156851057,1.1972425036312673
1.404201272721164,-0.9773466664034317,-0.7692253016992777
1.2879619714863964,2.123914774932477,-1.3446541937721346
1.9971668859495644,-1.1959330576688147,-0.9249832950994232
1.7510741211456207,-0.4601753390699323,-1.939109252855545
5.004902574410069,-0.8625578274772601,1.6687179779739483
0.4279680175280358,0.683112253918505,-1.4346388201285003
3.0732678051999507,-0.903639653938003,-1.0897134472487762
0.7217231459378494,-2.093329682460356,-0.12751656321281574
3.4850344426386077,-0.5577321168926686,1.7435816562431017
3.144478366262803,-0.0647588927084943,0.0048637751599320865
4.116150358531269,1.6003523786339588,-0.8514731021521819
2.804131047436117,-0.25912955928337295,0.44481394930088924
0.13385162694580632,0.6104889206194093,0.05161377501313201
1.504776645664406,-0.3259887860428385,-0.2777197213461767
2.0136887405154487,-0.9962750771737123,0.5947341727209582
3.7369665171021498,2.5371676986323948,0.4857106886703098
3.0386181516714643,0.09655090561184015,-0.790304059046916
8.205326184568703,1.2723266369816832,2.1651179243362466
4.570601069343017,1.5946767416558243,1.1368501695197848
2.588879273156849,0.5078708016085263,1.2839764926342567
3.662786529553432,0.5197919721309465,1.2331739725216866
1.4393805754872806,1.0608954620665758,-0.05220573580391492
3.880905003462873,-0.7404019156592618,1.1378008176834715
1.6023530855763632,-0.5987729627482714,-1.041160882900295
10.003339320936092,1.3154690013545178,1.8537137546393454
3.743089644654207,-0.4129231559213861,1.1892421926633032
5.310065168458691,1.0049821945337232,0.5914107726791132
3.2286735818079,1.2434243870901178,0.8473034919674242
0.09201873449927866,-2.2020457801859994,0.039392658708411715
1.293819244885907,-0.6147508455247317,0.021430435273969952
5.177023558131386,0.4368849558988048,0.519657588871897
1.1052229854943971,-0.11809356805798274,-3.2706878865543145
2.529734713005827,-1.4648826150897625,2.664583075340591
5.617322852602412,0.8548524811382641,1.6498526785809282
2.0286484379070924,-1.2598964996354176,-0.7748511679846728
5.588804120929567,1.4024622039267653,0.9787035340075876
4.3379266328373,-0.6245493602429518,0.8620113802879422
0.5693069634821712,-1.4945853997798484,-0.32780442743147364
3.83517526949271,0.2541247415816446,0.3039430725970337
4.597049163029544,1.8226054106108307,-0.24090796500781195
2.9177510935906623,0.3957840487940875,1.1126173220258306
7.046193396404815,1.3551054834163598,0.2834469423327986
2.4351601233380977,0.15751551716366205,0.1824148797550439
3.6964657149328977,0.6681406750567411,1.0676232028479684
4.528932304202179,0.49732538808378374,0.5251142662826003
9.628052119381213,0.3872115926966011,1.0605762029750878
1.8212194927657066,-0.03952551675451276,-0.39593989917304445
2.993809554078635,0.41851932975678896,-0.7764537350592169
1.9074845713671666,-0.8792123768661462,0.1382692366600175
2.1618050904491084,-0.7002061125357035,0.17616894573783884
6.609013221056189,1.4166165907983015,-0.0037379308504634683
3.6980652970705026,0.6556324927043722,0.02902346737114263
3.2669729445399884,0.33413137325534537,0.03153897933141605
4.9912347282661225,0.18615250063393718,1.6085011254075794
-0.15305129735761414,-1.1558730908537982,-0.22913428186191023
-0.21424428543048313,0.8556002353902932,-0.6932961840240324
3.05574817993751,0.8772809567924559,-0.09270680207691345
6.964548743049196,0.8245619082098853,1.5323295353101443
0.7578474646946466,0.1972945792031565,-1.28631171639574
2.8737152677964435,-1.152487092275124,-0.29076312787120234
2.3952420229374933,-1.1158362926021905,-1.3764496839514793
2.999517337861512,0.54015373210595,-0.9024489102727731
2.3482550828712165,0.3266673562444477,0.5979449023682326
2.1403196122320916,-0.3944816531549176,-1.1458063222746018
1.2829091727820914,0.04335797775727226,-0.7330571552338904
-0.14508988889196406,-1.1230778096201182,-1.9516361320781224
2.3036521595869033,0.4967434368118246,-0.13387649854105846
1.6567572434812416,-1.511214630541435,-0.7898993015677529
0.7684172978230122,-1.356005355481282,0.08530499466371809
5.0446765048639985,0.3637134255737537,-0.0019921687535931617
0.5212271982996974,1.0241858432321116,-1.0271826975393379
3.692855201995558,1.3336380038430744,0.22911618955564023
1.9758829406489236,-0.7155525924687216,-0.8504673392921587
2.9663631426562684,-0.9294547890283767,1.0689236967770779
0.5497208119586015,0.9143119957115935,0.06605706150365165
0.921330092890186,1.3002364938323425,-0.0558145087453516
3.771111829523691,-0.6613631053636647,-0.026666158066075054
4.031231429774377,0.07775158033105964,1.5544954142621978
1.6243715260982188,-0.18843901167069,0.3643741424810221
3.3038385794409892,0.6275183753099476,0.18705693361923934
0.8765049475380766,-0.842528862641821,0.2745911834352182
3.390121356220752,-1.838041274167189,0.05469457356653375
1.7613931647138283,-0.6549611664401369,-0.7737044256825657
0.7647511965963476,1.3472367783233732,-0.7050823093920375
4.259949556593092,2.163114969483874,-0.31969189290627387
4.131859393178203,0.010766865336988072,-1.2244962544957452
5.448772017014679,-0.22991519862681853,1.8369171982831525
2.447010402271337,0.19962173355676682,-0.3747677470868379
4.547544132204184,0.5375874349298855,1.1364549647053666
2.0360307545901395,1.1621372807573038,-1.6792015091688535
-0.5586615537986632,-1.3274351095509955,0.20756138523616577
-1.3337417455826284,-0.7476688444518508,-0.5816146232026588
2.8639012285897087,0.6838738389288871,-0.30272067632341854
0.03151737966019286,-0.7957666178855414,-0.8762462522104556
5.953155119825242,1.4284569034335222,0.6395425372430359
4.144418509174864,-1.4791963045736007,0.12880138167329228
2.095958326130454,0.9648404569134278,-1.8786781497835776
2.287420205045798,-0.4710424951007134,-0.9690293858102977
5.160651253914343,0.42143156690118894,0.44051855036758697
2.545604937669119,-0.36760947946113526,0.5813168403753908
0.32893678478572685,-0.5316006980219156,-3.3783463187014853
-0.6167570839248515,-0.10449355192891888,-0.5954443992778145
-0.1493266499147743,-0.9085684718089394,0.07198570460989097
2.6816544511838734,-0.9757225429781082,-0.7272517302203433
1.7580164945647265,0.5867837167444203,-1.936263820308185
2.495565877616788,0.625610721636298,-0.9561715529454127
2.501970401765104,0.14089653468100197,1.004529187525617
2.848123531737418,-0.5781247614564612,-0.9136742628533882
4.153069525755519,0.28608415467654913,0.651566537132045
-0.39528801835178107,-0.9145960840852477,-1.0522586009189652
0.703192426570797,-0.14755738184111072,-0.31782254835545704
3.585926006251969,-1.3203709316947863,1.0783075053465718
3.1482484653246647,0.6066860543260146,0.5903994864647123
5.007777660972698,0.06390881430986792,1.3604160654926527
0.6022830572355888,-1.5079737776034068,0.15845276963438548
2.5561296213275906,-1.0343757462119072,1.9634057406218781
3.7871672073793814,0.23175994416695872,-0.4371176236607891
5.121645775534738,-0.5811322997729795,0.873003016355551
6.19505622113219,0.5906992331119166,1.5700101219388092
4.192426921993436,-1.1134669106598725,-1.7208036788291206
2.223342951782676,1.2421365214435256,-0.6205252190892795
5.277824585152601,0.019556378440862797,0.07116586324999487
4.8741901362971625,0.7141559365034872,0.6116931701677688
7.048297385603146,0.9369406805636202,2.0593926223868704
0.2218107004554024,-1.9496149468866,-1.316656218469803
2.0302858123024725,-0.34493338643998916,-0.7370469100195922
4.714510507020438,-0.9427322846403492,1.799795820995605
3.509080645282866,0.5443593005499364,0.47219309199116327
4.39283864970808,-1.8480987601725023,-1.2982024347381167
3.9046969856899625,0.7930534327645598,0.5416045129796334
3.207619344388621,0.4703175119304519,-0.5354632191313294
4.3753299739189835,-0.21846511030732546,0.8037940767730379
2.628498027554704,0.45964873187991384,-1.49595136388775
1.8193923325865122,-1.3127360615437857,-0.5493309497497357
-0.0007017376246252205,0.38178178803886303,-2.0710426979897005
3.3292152271412356,-0.8205906105601822,1.4282299675928178
2.7669032970324294,0.10369688087780045,-0.19332235871984707
4.8164160513984235,-1.2126471663452651,1.2919659039396612
4.643685171274242,0.694518412622397,-0.3312332925799249
4.19756020279845,-0.0002860618438044951,-1.6545761101247598
4.392601613253003,-1.8124289057634833,0.2156872821952667
11.012053187935146,1.796706877791161,1.3612428685337892
1.916966729631199,0.23127225843109353,0.2998947843192922
0.7119598151849402,-0.9314106759033501,-0.06465678663184099
0.4476895139380731,1.2959172211510752,-2.8845130920618214
0.9528783633825935,0.6936194005183001,-0.3851231380487179
1.4475539590005024,2.0043430355341165,-0.4289456567677708
1.2036229387890247,-1.2085120040617303,-0.3973591879448204
1.610372263381979,0.5191248662842803,-0.8951334747431138
2.9169923623769227,0.49936189105869083,0.4743393196758442
3.0185720107439398,1.233380447288414,-0.6772466828808618
3.782487594177143,0.5598992293127358,0.796980760249645
4.785262805186353,1.2179664800878047,1.662721400925692
-0.9764182825580123,-0.8550245622211087,-0.8088823050969609
2.652117176282067,-0.04384784923690113,-0.36439767314098914
-0.7758316251932923,-0.9903015038541094,-2.0504143902920444
1.7582218994512266,-1.1333419898523518,-0.08183922643714935
3.5265426828464133,-0.4207040216658935,0.6440713974805098
1.5687517605574244,0.9085175806187797,-0.9813738618856481
1.6193547578953482,0.10900103888390049,-1.0860288265289686
2.8187110187236764,-0.9439119803916294,-1.91657702861047
1.208706720354607,0.31389990738662266,-0.8288914608695963
2.8355954627450606,0.9431704045469298,-1.961835716448485
0.5648856772028088,-1.7501501973085762,0.41463878495919587
3.749872488331503,-0.07529767562521954,1.4706550701954109
3.0644313070192304,0.018744294999809008,1.6201447309448878
-1.705517299003749,-0.7190859674798024,-0.5045436294985851
1.2118129342715591,0.2713035791008129,-0.4401103651179883
9.307197069939496,2.508921275344627,1.3620914034456915
3.0838664359408825,-0.4923657493602217,-0.2851902899896853
-0.38773559446740946,0.6747823492526472,-1.056596176284378
3.341189787335971,0.730301425295628,0.36253186847252966
-0.5300272072427425,-1.5539245261028294,-1.0123572627171014
3.6434950567119335,-0.11212492242728303,-0.2051416863609087
1.3000626653151692,-2.2623128852852186,0.6422242557668588
4.648787213360898,-1.0293062301025602,1.0359075961908788
3.871235167235028,-0.6772446619258677,1.306575540870674
8.592236454405912,1.5284176140294616,1.2921801320836175
0.46567775635510644,0.09439616108286576,-0.2887220394544208
3.676376676227141,2.5315657492457024,0.09081175003297187
4.322724595951517,-0.3606076687365738,0.5816762406700396
5.856670191602887,0.9035344687080475,0.7799332610312144
7.047432380072218,1.0598188042454326,2.0172910977491707
6.494200641100317,-0.44991554310206544,1.061540784901933
3.6650573516858778,0.644085758185935,-1.5408575062742627
-1.7743897179808612,-0.08894344146020386,0.18945093655285136
1.0815051406815075,-0.12988055299677614,-0.293020427579824
3.7789423914846374,0.014256159254535803,-1.079569245610627
1.3625301505739373,0.5902541008166547,-1.136915718016013
2.318190478657636,-0.588718933591164,0.6095847590731535
2.796088392873115,-0.4840168055816157,1.0418237612911874
1.0807601244450211,-3.159280993403597,0.3406783970818207
2.5785570676036564,-0.1921968448206572,0.5642636562077237
2.0208245886567173,-1.9916317644850792,1.2365738485308568
2.039687801069089,-0.11230743819344643,0.9690480868766492
4.407334734974369,0.037995496762098575,0.7292728583457444
3.1266869135635984,-0.2562353715221335,-0.5209065755690242
0.06755930930786991,-0.2703196575691213,-1.6443750806029984
2.390963691204182,-0.15944873113922706,-0.6856394040106589
0.2205095278196081,-1.305348971040766,-0.9137983170924765
1.7295923367223498,-0.561593768787653,-0.12554866844510154
4.178555291550658,0.75418866357303,-0.15391637115493084
3.044724880398465,1.5606447315531513,-0.4715175860029174
1.3172331933315073,0.466161949536475,-0.21053267406937767
7.020409001825726,0.12185239495845179,2.298442542131886
5.351241215560261,-0.4554259319087679,0.6600544493041123
2.81930101232709,-1.429236341700128,-1.5474283620119649
4.1550681154052755,1.0763543896293621,-0.33526950605712846
1.8191625813860763,-0.4634383129048617,-0.5306821348800224
1.458702825454222,0.22272013102479815,-1.8773097915901875
1.977648148659566,0.3320389565338684,0.1981353703020988
0.6086842985264075,-1.3415859396168472,-1.1549550055823934
0.8511178804818076,-0.3234199666580011,-1.5584017445980451
3.299363879610831,1.1511168881068765,0.27920327002689976
-0.15767525910137548,-0.6734628982536336,-0.44511212146281864
2.7709636769403234,1.0543940556870302,-0.2846025527995598
1.4368403095795865,0.8513734244965838,-0.3484706865650576
2.755750197939454,-0.5040326159708164,-1.7238380282466832
3.6419463669847323,0.8636424423252829,-1.0244043672577379
1.3635594434413176,0.23584936320020072,-0.1441453257254937
2.4791088817850184,0.40419253534863914,0.7415043010319846
-0.028116080551585432,1.6736540979296888,-2.413862615924611
1.2402522949712425,-0.3431282376109004,-0.34218697374695956
2.2647214013466046,-0.49165689517345296,-0.5227670157311277
2.073480722908257,0.45842409221510344,0.20724502393228422
-0.019583551409079192,-0.5525675943696341,-0.6150307651092247
-0.790124645834128,0.25120876396503267,-1.7075474895544065
3.6636101380051587,-1.0314801501253494,2.1891248666834886
0.9493929933231671,-0.7394936302419419,0.16241757061911907
2.5102841563129275,0.33428760365349053,1.3020627571605377
2.28923442902434,-0.4128236979447175,0.6624684317596051
0.45910673057139784,-0.4918637214971267,-2.0049291827823676
9.691264681441044,-0.5983931385614213,3.120821267063317
3.8661496452408186,-0.2345927346463685,1.2290899391065577
0.5691331122764545,-2.0537313392835017,0.48344146616460165
6.775826860600447,0.9001044514321228,0.7743591287604161
3.198020207044504,0.5746237852544911,0.8870519027818813
2.6838141255773467,-0.20114696993002185,-0.6818886574840153
1.4130272223247389,-1.2395314665502013,-0.5776840217595635
2.548290939708222,-1.0755056771006402,1.1400964910801565
1.4954556129780638,-1.3623935585034321,-0.4338185011339134
1.804650289412657,-0.09728792447482622,1.4893298463164277
5.890318509012567,1.0650360307189874,0.5058531399320397
0.33112645250275463,0.5152432733922266,0.02463866706464818
-0.3582428616775455,-0.08789778983291043,-1.504496317428419
2.0001551958833383,-0.21090199171255283,-0.29511685749064814
0.10288963658663608,-2.0485878249811202,-1.3189076333196408
7.159201075989133,1.3652303631084626,1.0386713670398076
4.833070261085149,0.5979674741124823,0.7138028277294309
0.3601753097056053,-0.501748168873885,-0.29113745119916057
1.8802651010488234,-0.9988869067806059,-0.9809824690758804
3.076903379352861,0.54376360946407,0.2767223850724749
13.019651292104903,0.24295608361391624,3.252049828199214
4.879926021230073,2.6569573574667085,0.5050617417777915
0.34040069572866205,0.36830361201487943,-0.10050424086671883
1.6686145564345027,-1.0981394278337984,-1.2831553239318143
-0.9355552664410107,-0.7949729777981268,-0.44858465501547334
7.984047821049486,1.3042327569919134,0.6871458232720963
4.866039848340595,-0.1034522207406446,0.6819927379678505
-1.16549270044971,1.0480955969314407,-1.9184845021124663
1.9424127706826453,0.0047370085075579575,-0.31028951172877994
3.7924825979903316,0.5437284661395819,-0.04482087816539843
2.0969236851915993,-0.8596260514713682,0.514655271943595
1.9281687896290252,-0.057785800404532864,-0.5960740369139812
2.200642665820684,0.2577930254834979,-0.7455630443082611
4.340186736748016,-0.8896175056680544,1.1910872251902223
0.24679273493503007,0.05946171118072747,-1.4006589804400138
0.39417985429384705,0.5865982100044508,0.32184380121335965
2.0268980157224803,1.1586772888938979,0.1479171396893838
1.1765444852697984,-0.696489160317984,1.1983178285607454
1.9271318962571171,-0.9231740404711796,-0.40100677836491483
0.8568163661013597,-0.4495708335582227,-0.12201761695684273
5.728485097964295,0.4573089739789516,-1.0529604602414724
5.528484086277265,1.5537623801901848,0.8580244333902552
1.5211661591869854,-2.227901370604692,-0.6945580395611552
2.6245268771151204,-1.4618191880374771,0.14663872607949846
1.2723582119020405,-0.17872106177445404,-0.31211245954414957
3.246393552449672,-1.252801503200052,0.46882603937423123
1.9742120981307432,0.44318790303385597,-0.2597388801442375
4.57801714783256,-0.9020128337734238,1.0455197512388874
3.2187179087030566,0.6498885566895582,1.3354816496851938
2.509473207037434,-0.43464579615327603,0.01879331289329878
5.247968720643158,1.2878022976453865,0.7855428031317438
2.0180769686164552,0.9477301759067216,-2.4961915021367846
1.907000493865302,-0.00699885386286513,0.6616363325968639
1.7533889443224018,-0.23835752888032957,-1.8602806280299762
3.6178826846871726,0.005078848388914438,-0.38183209857137956
1.8142063021189307,-0.16612938954783493,0.5820494577361333
0.8574693325556115,-0.18284199948916485,0.37452204188743693
0.5497342228805597,1.300764763958329,-1.6556814320191953
4.053716575518962,-0.1595006434115106,1.8579866893824213
2.9780346854759903,-1.862680288823332,1.3728376733219623
1.344582567727276,-0.25976606506645405,-0.8072025271886409
1.7759576862768647,0.29096786892539106,-0.007275235204127417
5.830191858199914,-0.4200503558083954,0.3569176717984597
1.1137490436621105,0.8514222178853034,-1.4281326745097283
3.8683403746748035,-0.7553944147229189,0.9493867824749612
0.351289368769224,1.1096050822662764,-2.0869782464375572
1.5575304335465041,0.18115974422729414,0.47096506519440334
0.4747458045506163,-0.8738153619282408,0.5350675515284066
4.752846568585793,0.02508555665750171,0.8155835434194909
1.7809233099989075,-1.0129808248275334,-0.977814631398348
4.815303050888497,0.549351044211982,-0.5791662105567729
4.255680705508395,0.7892092213981792,0.8699304095958856
1.0112146014088248,-1.7633494387641229,-0.27065000337890377
0.9046964753848323,0.012055945223989485,-0.980611695503663
3.983216101417108,2.560583823111835,-0.4228715824560235
3.4702361190175575,-0.17076378405037654,-0.62877054415498
1.0376058262042243,-0.3446821256587928,-0.534791606768375
7.26149567507215,0.7216593801444575,1.6148641909282824
-1.2637670416388789,0.5421407529595826,-1.375664249882703
0.5382069698924385,1.360458194603431,-1.1349167729720397
4.234108826552775,-0.8274432096131604,-0.3266900412207117
2.0365726051743036,0.23098233537794396,-1.3902936473393477
1.0163839573180167,0.08738510743979531,0.002989114020231883
6.931730458710511,2.662185060632074,0.1324175423533888
3.6123392784516906,1.2283383464616648,0.7480070315620492
2.2996200211402766,1.2099622535589212,-0.0770095360054692
2.174584549973914,0.2380242139230034,-0.6700689602275105
1.1720224050794599,0.5602552609977101,-1.5887795070853408
4.350703936311232,-0.810990742388994,-0.16441934692250645
2.9134002058862887,0.3757699272183001,0.41875489623646406
3.8987885299051968,-0.4794863405018176,1.139596862753056
1.161871762539903,-0.5790424345104455,0.21330376705449766
2.495865328193684,-2.279151691443707,-0.040645276783424444
0.5955119655063696,0.5812103265724032,-1.207505411755693
-0.8207617168180479,-0.27694651384315494,-0.9193381384519879
0.9014047096861633,0.676095929300984,-0.813538837388741
2.3880357153131175,1.1879673276222606,-0.5516068497168154
7.721244263217016,0.4947300006824313,1.3108670540884768
4.579821884921358,-0.15008199993642957,-0.4437273129264977
3.121108069447536,0.6964335514117227,0.6039422018326808
-0.3385772417467423,0.8331164600414337,-1.5884272854004848
5.168799833331883,-0.38061253547330653,1.3036583176929368
7.87961878697493,1.6862050221954978,1.273375420650875
-0.059428995197663426,-0.3666275829190792,-0.4109205849337023
1.1238203840614736,-1.6760107717857953,-0.19050216660823177
2.016568991954066,-2.7124092451769832,0.9276862940237495
4.436977701734999,1.47569670369415,0.43752946272508536
2.3636078697966427,1.6703874760985116,-1.930155543569379
2.047624517317599,0.004423811228931394,-1.7947420987751137
4.239193347103655,-0.06494414252433514,0.8702860899433694
4.08843487752821,-0.6480191113460521,0.8296774602124196
3.6923657953947364,1.5199067287288015,0.09334591824488624
3.2928768344657353,-0.30836976429653123,-0.6741864670513728
-1.642513587389795,-1.5614118067791856,-1.0099773812410546
4.21823752630935,0.4734271081472494,0.7748339175824366
2.6118848736573796,-2.2126418955684324,0.6505292587485245
6.501346893001639,1.5141255516042802,1.3300761712856075
3.217329188112889,0.5045227021701931,-1.801990123460087
-1.1899506443204546,-1.0839944316689927,-0.6287509430768877
4.792319622170421,0.9757568584126098,1.0290422070040377
2.5383454100062104,1.57826807226838,-1.0035814599515027
2.3643526580744174,0.8400379345593941,-1.0816518093510472
-0.5270023511800193,-1.7162824384066133,0.6308954791059426
6.497769285091845,1.7423831561145546,0.5611273008587798
7.960845137281926,1.5636795823647904,0.9608129178347457
4.8439681370919905,0.09500403142568421,0.4055592176737472
0.4299903400057592,-0.9559294920347674,0.6063169815002926
2.6377601184473605,-0.12723964776063457,0.5833307234921535
6.018229494968366,-0.10711706780527186,1.7987642789432585
0.476918708904305,-1.9113371527523668,0.03847477250013801
1.6172517233465658,0.019589728170542022,0.866393448811175
0.6498879725185569,-0.2473929846987068,-0.5749586511739165
-0.6162064864479182,1.3626241439020064,-1.7526714865110384
5.063251333416274,0.20329443159632465,1.3294554768657634
1.8959004689108,0.8580423049343943,-0.6707894430655814
2.6829766395659425,0.01835374245662661,-1.2767983905002351
2.1187410488848255,0.31072201958508766,0.8407547353617566
6.584703067488762,-0.10259298652142763,1.0144857392479367
1.054136281900231,-0.8737643588947539,-0.0616112230355993
2.1336767568074015,0.343192134542834,-0.6361965573168445
4.244933944971166,0.22559556182086743,0.506961262053082
3.482883462946714,1.4518900751372064,-0.17945269082595147
2.9182645719224523,-1.6002283006037323,0.17943797679522341
4.601657376302179,-0.15079952279585288,-0.6950825589672182
2.654111196637974,-0.3970768951896287,0.5943322111248458
2.272250413679876,-0.9749476993716694,-0.9045841432647088
2.9224467403248013,1.005899077335315,-0.21691354104897603
0.5894708768252972,-0.5347032281222927,-1.1786256638485388
0.33431261566104953,-1.870557083361368,-2.022747405972
6.918969738477995,0.5454766879245759,1.2322728669431464
0.20802039110728066,1.3800872005784732,-0.9341364578664261
2.5929960296748957,-0.3931777515168042,-0.41778529155503036
0.3921502247266786,1.4853844905604343,0.09704127329650569
3.895400553589072,1.2969560502344082,-0.0343719987273013
3.9627676137004237,1.0707933303895534,-0.6721123628766515
0.12285660552920086,-1.2531611191279752,-0.4816436156651442
6.0945583234567415,-0.7413674378016545,2.0922392005283537
3.9859868328598873,0.4484596067391071,1.0764541677042694
3.111774675023786,0.24491652640917783,0.5306127103900258
1.366295411929782,-0.519277553223012,-1.3373037452902907
3.9598999091255367,-3.081517865036436,1.586763982945886
4.614972025616127,0.6331911959996162,-0.31727421192128935
6.547267108388452,1.33649376056341,-0.02825181256010264
1.7679369566800207,-0.8132716479651266,0.2529328426562854
1.1094743444330994,-0.013250109163652567,-0.3157861616640131
8.827654283632986,1.0735521729468116,1.9278031277059045
1.7470654461507005,-0.5333533845343318,0.04611961158617697
2.3378573714583695,0.2479770541329777,-1.23872449601375
3.541658898274406,-0.41600573556760156,0.7253631348752125
5.0415723855175365,0.03427325613748107,0.3866639060472655
1.0971416329462833,-0.18326640406099126,0.05229009790620267
3.5250067839267927,1.4691294984109664,-0.3524655670985516
2.6079473632555876,-0.4817530515755628,-0.15260659368804913
4.080150605823514,0.7656973964494996,0.7721443332285542
2.977386662295332,0.06492597352916529,-0.05905333973444908
0.1874961026811537,0.006987805540833539,1.1007913287686082
2.5786159392727557,-0.7121471055778734,-1.0223120768617489
3.7526188819345627,0.02107116789127495,0.6025197018802276
4.109764075585787,0.3349228971265275,0.6546178207050685
4.0941409634071055,1.79072709814886,0.3313408533849055
6.447104099186331,0.35043055153907154,2.21499353366301
1.9848953422029143,-0.7027615736059466,1.2196060147985062
3.0024648238302105,-0.239464327258922,0.3458146805847515
1.5807250850227155,-2.2390589144704074,0.8983476456442661
4.378326804973425,1.465277205879638,-0.13585455562149587
1.6727565839354586,-0.3673314951091433,0.09559565457587554
3.3093169478644517,0.5736190339856327,0.11804750897299292
1.4909952640031625,-0.6345009828676745,-0.8480296734900579
2.3047387558812633,-0.28477723835382945,0.892751609086176
3.2719595475580867,-0.47129758022376056,-0.1118189037428566
1.650273804139427,-0.37164424656041406,0.5666349510801652
2.104916545045621,-0.22816217453196375,-0.062533803998848
1.6766281632795443,-0.5761954465517257,-0.4988127531284795
2.57782900881463,-0.4849763390992426,0.6200965107153932
0.5921020804008732,-0.2562716025023756,-1.588208378161161
-1.1399168085141747,0.9273526234879518,-0.3243747553032807
2.3594573043074574,-1.0672569086603747,1.39751877317834
2.5252342166617368,-0.23461618827725,0.8429763632605205
2.2248174511797556,1.024109991587022,-0.8457792242000671
2.364110300853512,0.012074300733829601,0.04050903324746455
4.128293113385882,0.1143614595997974,1.078283031921108
6.162046400654871,0.5682310004258653,0.2591952518744404
1.309107978367349,-1.978197131694938,-0.0657980114379239
3.218850036768353,-1.075228475207449,1.1310949982461656
3.2271049190780454,0.3460660689491007,0.672904750577818
4.487076707805832,0.976580052031437,0.03165518681689364
0.37423987932776415,0.7623046132782136,-0.4709650086417393
3.0106707261675063,1.048535746597534,0.98657037465699
3.6433624826602298,-1.0168057899071377,0.26037519891241967
8.93099504625631,0.9662392810925965,2.4908202489979514
5.572188026751278,0.2734211706749776,1.5981462157333783
1.810129100630325,0.4130505232551618,-0.5601301406971443
-0.23869671892432098,-1.5925484834110955,-0.06024663417623276
-0.5073963542904609,0.31283405794583713,-2.854321668894462
9.449538510434245,1.277515169538283,2.557534812425494
0.6492702014174077,-0.38230465545010095,-1.1827580259246049
0.732553099229891,-0.3173340894213448,0.06745142718389208
2.7040733975390037,0.22666283135945142,-2.025227577924358
1.5119522016163172,-0.06831303634396511,-0.38677051404325796
2.713204091497108,0.16333822992854388,-0.7756055631383654
3.1559818703910656,0.7933126115229453,-0.632513184121723
2.03560329582696,0.07962779251400433,0.4265689380156006
0.5790955921098178,0.8179816976886577,-0.27956923051883426
1.409406440823411,1.584790779286051,-1.4471411975491617
-4.136335445772807,-0.3417630003711137,-0.8771212047927126
0.5177620619024976,-1.7448614339943715,-0.5457021931452269
5.677359184220505,2.3592159713452294,-0.9527677041474907
2.6444008105790977,0.07245488012310854,-0.5000151059575243
3.7178153560026854,-0.2418173539859457,0.8916555675945549
0.26513566269232847,0.8604099844957912,-0.4230833544670404
3.9365695773531835,0.1856926339973179,0.46152805123640095
2.598990829992636,-1.0329722752729396,-0.13351249620426756
11.155431208224135,0.13744449978412934,3.157349573692916
1.7293004521192121,1.15087957953455,-1.077147181186269
3.825300312289335,-1.2869522695939735,0.8545259332980553
5.671320482018259,-1.0460142989309738,1.958517941015675
2.421740994767376,0.3920445181985284,0.08734771355933996
3.641614690801768,0.17921985631488066,-0.2181275881064888
4.543261932927166,-0.2120955115544561,0.823742061450019
2.9166252383155884,0.8443905950648152,-1.452241725041577
2.7839155447263715,-1.0473614125966848,0.44861803254210236
0.33356677972270976,0.6819507383373488,0.9166873524536759
5.635135115877426,1.2380430661545365,1.2953909637944423
0.8225890853764439,0.1737535595694555,0.30963152427347584
-0.6271817702188065,-0.7670842766022145,-1.4170402076221227
3.493425659056718,-0.20581231419848753,0.3562797832515852
3.994294662631615,-0.8199881756944372,1.5175043483772184
5.9232293383794214,-0.016300639688544262,0.9752738697387732
2.740758190943643,0.14097381637691914,-0.05999168887912642
2.6525509156807416,0.9242607640991479,-1.4778395636629638
2.5294935918283414,-1.6690595016505834,0.594667970949726
1.9776683797954284,-0.04856733110491926,0.5208383201965632
2.180179810912298,-1.185120145011332,0.8889159436001817
5.844518171437058,-0.048203209153282724,1.4713221119448199
3.9501624494404073,1.3829839667864128,-1.4934931269894087
3.836851311423628,-0.016682984655455643,0.8844557126152337
2.7371856499839335,-0.18226261419766257,0.2821490557538875
2.625095401537078,-0.8214638428709269,0.24797875240665285
2.5547509530075483,-1.3387462010191806,0.550321409840056
4.17131627028962,0.6411778275886595,1.5640085036936842
4.413624151598564,-0.1665139961529279,1.1879238948366253
4.022395512775209,-0.24986096605198874,1.729617643675325
0.7453358299914008,-0.838384493404641,1.3206922329075004
5.519141218597991,0.4475880550488183,0.5163465107149284
4.551813431100208,1.952994387911272,1.4387351165901388
1.9037831869325514,-0.4291839135911045,-0.21228219343717417
1.586431664495065,0.6855306035655754,-0.5645596754034792
1.676812496437552,-2.7229732192867044,0.33131298882652377
3.60632743723816,1.8166813736271268,-0.27626643177988525
4.614600446615203,-1.9615460017165591,-1.4887583522078296
0.04092702714269558,-0.15094721040175108,-0.6445001571162865
3.1413381238387266,0.2778994543642019,1.234849969860114
3.0380438052591083,1.4269296908637905,0.5470738177907098
2.7965420862572046,-1.4885883732171399,-0.9136547465998327
2.543015821719493,1.2902122645810141,-0.525828950812535
6.405983899979304,0.556596336244274,0.7102194368121064
4.8136933497207846,-0.968908762968383,0.7315248073831132
4.290832945301989,0.8951576596763564,-0.7166579429157565
1.3010207933008884,-0.46200681332116117,-0.6822280822488638
9.184722795267446,1.2590498535003705,2.0081140733708436
3.1417146676380217,0.5926075143045079,0.46599513704307205
2.477534558057939,-0.6597917399462196,-0.7151027002417506
2.2743172237733567,-0.9308839687487965,0.2260686922506542
7.03577107070188,0.7922629680390106,1.4228046324634853
3.654032230824177,-0.4301896019322046,0.11857338803327234
0.5727762692147857,-1.2892407613420078,-0.4111372984153098
3.1883987171367316,-0.1508567627072204,0.3809348605805267
3.195172223586641,-0.7772242988549833,0.8677437238452936
4.318776509692967,-0.45471629396081015,-0.19810155337753038
2.239250290051314,-0.42834158064934075,0.8427712303081145
4.059082738309154,-1.008838458682535,0.4194241761196388
1.9624852152023347,-0.6103351936413048,1.1665469173294254
2.1733312063276613,0.9079403050388324,-1.1247653783078102
4.385909059714955,0.24875232952308765,-0.2917674309773525
1.5093900115674725,-1.3560832495577864,-0.002897817662083592
3.9511827256785548,0.287275086503216,-0.6468652288595853
2.2170396328907507,0.45373313804382304,0.9669818969407976
3.4073953823070213,0.10832476115846841,-0.3188823758984023
2.2950914698964175,-0.49078657173070933,0.49720391671697006
-0.4714054667221632,-0.8763917774806043,-0.10509232199922251
3.0219077849042772,0.43339694191317246,-1.8045430146830848
8.229888054414145,1.419277834864557,1.7006585101136376
0.8668369431936694,-1.2170208443403907,-1.4683142221363652
1.0899434980330456,-0.3606103554277151,-1.678665382423088
0.549482293073458,0.8048266007842146,-1.7802330372110204
2.875942239914302,0.8992764496021534,0.4889625092634356
-0.6669250899782218,-0.08369086807487341,-2.184783491535457
5.18739320187168,-0.667053045033741,0.42117687578031004
0.6589820548646661,0.08018352184219556,-0.3670428786205303
4.698693917911342,-0.18796761872895032,1.650658527139957
5.206562216719269,0.6046026080183514,1.4031952650522508
-1.2074971126776664,0.10104946514664588,-1.164054944001639
1.3851273636929422,-1.472357270179381,2.0639600955031505
2.4671000034726407,1.799754831950219,-0.7882394181961819
0.5812357600569207,-1.4641002307917501,-0.6107530429163673
4.162441626026017,0.07762434087915533,1.091136639247641
1.3836998938538758,-0.14479967001819458,-0.823900138496343
5.558174020947609,-0.4430025203174012,1.889964393371852
0.3600402983036073,-1.1819389844343227,-0.04726992937353609
5.650905459005127,0.10812336562107859,-0.7016920256722151
1.3216938597678853,-0.1286546245062312,-0.7197976072724375
2.783199129446178,0.503886527139183,-0.3887664701272751
2.449191365275231,-0.9905340084159246,0.8833565893733026
1.9485762369249227,1.0560690157940518,0.31620685940509824
4.376586339573436,0.2867802322629087,1.684408687245088
1.9790571285257137,1.2394460225100818,-1.9604597809363984
4.802831575512725,-0.6726361579754342,0.5079780640987004
1.79152320740753,-2.0677832530076308,0.9126495244662354
-0.7359020980522772,0.33985873298293945,-0.25673813604257684
6.226941821352288,-0.16422253040026236,2.2539953658598653
2.47383356976178,-0.8917509393405433,-0.41322619997511045
3.347599842696215,1.2396983071070558,-0.7089376262430579
5.462734227806065,0.18211727634488326,1.3919016059556746
0.8196665736492452,-0.48679791590858695,-0.19987715732031974
5.0382414939870035,0.13147733649729348,0.2543836154526744
1.1087062767043043,0.09726843416611596,-0.9137166973783978
4.1749572781450865,0.008309607320458276,-0.7380307271533583
4.3718391742158715,-0.7048138627387286,1.502419896703363
2.4767166574863864,-0.4673221284678862,0.03443636179717008
3.9846698183861147,1.6737947478012447,0.07397116287194593
0.8639676808058592,-0.673503859623263,-0.5100504066244506
4.145934991541345,0.05519154559602023,1.6716151470049707
3.393172641673679,0.6284693560849997,1.2121164570451328
2.3305897768985693,1.0290101615811567,-0.7861436111358973
2.688611318435402,0.0716221532100308,-0.07064328323482433
3.7142761426596267,-0.8408631508595042,0.9948391641853119
4.514015742432541,-0.05454034618870149,-0.11397516655118427
3.4382681747698207,0.017387776354465232,0.5047038228376763
6.29659498288493,-1.374186188241508,1.177461185968378
3.7775519264978215,-0.1735897874746539,-0.07521267533206066
1.5075333461461764,0.18749772930874997,-0.21320382999957313
0.6691381870909674,-0.5474556502818397,-0.31707765742480243
-0.9403046818546468,0.03681157121921752,-0.4388983918852872
4.213883165662843,1.0551323361336058,-0.27287048836054123
3.482493383799542,0.7396391563478253,-1.322616381041636
2.803983433453162,-1.2422540437738694,0.6895595478609919
3.850691928504543,1.1949436089438978,-1.482307164327998
4.769476776565498,0.038860992520385586,1.3347069351144347
5.906798757969402,2.016113457373392,0.9391151922497021
3.928766961417252,0.8019341000566724,0.23574941433572208
4.101466770212145,-2.3064809567303604,0.6821812289744873
-0.7219325544860464,-0.2310713796419732,-1.0737531468274444
3.7728170789779223,1.0663615548506027,0.4017540648016477
1.5482167683669843,0.041011373132908216,-0.22186105327204383
2.855501278348955,0.8975791585925161,0.4743016169559554
-2.1504068878939666,-0.77231055947617,-1.1604798830215801
3.5710902130022077,0.3811293468166114,-0.006061543294991253
1.763631166997796,0.5047530789015483,-1.4868830175763683
2.009282677676639,-2.0204107029283764,-0.8973723090005948
1.751976611582479,0.9430730838573026,-0.43338832995149745
0.8587645690780006,0.6367550113323589,0.3369519100955904
1.4621749635842278,0.1577962951396765,-1.3585360368922308
0.8510521444659808,-1.7053621226226805,-1.685988773203082
4.2350477636920125,0.9135837762511019,0.37630803500201
3.5999133068545306,-1.7295031472276827,0.9210510578714171
3.923880758485024,0.682083068886158,-0.7380722713766327
3.1553137975036494,0.4442548547374151,-0.19473877108234036
1.9382691727446477,0.5981515169226033,-0.22927730217981968
4.8811198405643115,0.8997748716163784,0.0380323616460598
-0.37036552339010065,-0.7157147295982541,0.4215154290972503
-1.3247484206073232,0.6268300410324001,-1.8911120727978992
0.2765782891006505,-1.0651180657916355,-0.3907234230425798
3.2168632481173356,0.025305822029385236,-0.5453657697314946
2.5639141125596145,1.448738474485685,-1.3858995474651572
2.9326553544340848,1.377886274524057,-1.8741473209978867
0.413643714773793,-0.20518084669953524,0.04690073676089674
2.2630809222488724,-1.2183599248952595,-0.2857060901866337
1.1751951127435944,-0.13222409731654178,-0.44162959794398055
2.0335770633377184,-0.2921946654954828,0.16780156887942227
3.3227317588562153,0.696619286470835,0.6430788899375292
1.4236386885263395,1.2474648770350483,-0.29152602719329695
5.782540066525725,-0.23104959816843373,2.5879536948907864
1.487140903576433,-0.7699293628670397,-0.36569260333861525
2.3621410211803147,-1.255876424577443,1.324621350364461
3.235081099160606,-0.41118668523788754,0.39658986733284507
1.2133747208607164,1.0293216881976914,-1.648855871349761
6.795849054332036,1.8460457506957382,1.3715107994348144
4.438102231951808,0.21028129556870745,1.068344506831241
-0.706197675574892,0.11260025782546866,-0.940739048129852
3.4919183450751667,2.2583888804961565,0.32977783239214853
-0.2766831786800319,0.33483779275128767,-0.4468733135401515
3.335262489868747,1.501629585869867,-0.7496133482226438
4.965161709127315,-0.7781884926865401,0.8160645162448615
3.4012739698348655,1.4755193617141038,-0.04662180478253602
4.614190013876511,1.356737380392078,-0.6909849211594359
1.9340058374687366,-1.2283970134776716,0.5746143593752241
2.3081842794800407,-0.366228065271335,-1.2345048946912462
0.6544169535230655,-1.9942638499560077,0.29699139658420753
3.0012974763817524,0.8404803133311026,0.24623537657930364
1.4378209025246842,0.309146782172663,-0.3886923940606262
1.6720563620272522,0.19633265524433438,-1.4353718842284389
-0.39769088470358005,-0.7194543713362174,0.6835035778693833
1.2043109707747457,0.3612633146239311,-0.7662797615704174
1.714609962215388,-0.8723047402913937,-0.24432440386018234
1.8479831383550418,0.1662616115216977,-0.24645216054409047
5.292716137397321,1.4874186701586476,0.14837571673214794
6.1254123660093285,0.9484306018181091,0.8525870354153573
-2.2546550680250785,0.2601678547570352,-1.4963552135438472
1.1408785847296399,0.08576404484073327,-0.6188715867370053
2.421513716348137,0.030870470614058048,-0.6491502267071444
4.208955885215545,0.771683868904327,0.8297811282516536
2.5276401979003844,0.6795591395724697,0.6931346570688982
2.5969196030022474,-0.17635594303242363,0.4207852620151878
7.0068102586898116,-0.18721359903216928,1.8659793096585744
2.1267021605327634,-0.44997604306152045,-0.08411123417751351
0.5963756600655696,0.3773054309202757,-0.9250869687216253
3.6804725668218916,0.4344131502399765,0.13743192144223318
1.836466945970973,-0.6548964444911798,0.19178492039473635
3.1404351549487535,-1.710632144514898,0.3257877874410961
5.50712868715843,-0.5398027394541391,1.1068685234333842
4.361764248934017,-1.0872314368529745,2.2004210790827816
5.336076126636198,1.1525388999381994,0.5792818687029269
5.755957735685567,1.1149345059852074,-0.33080798765815866
